FileName,leaf,board,tomato,FilePath,BA
s-DSC_3106.jpg, 98, 2, 0, tmt\tomato\test\s-DSC_3106.jpg
s-IMG_2952.jpg, 93, 3, 4, tmt\tomato\test\s-IMG_2952.jpg
s-IMG_2953.jpg, 92, 3, 5, tmt\tomato\test\s-IMG_2953.jpg
s-IMG_2954.jpg, 93, 1, 6, tmt\tomato\test\s-IMG_2954.jpg
s-IMG_2955.jpg, 88, 2, 10, tmt\tomato\test\s-IMG_2955.jpg
s-IMG_2956.jpg, 90, 3, 7, tmt\tomato\test\s-IMG_2956.jpg
s-IMG_2957.jpg, 81, 4, 14, tmt\tomato\test\s-IMG_2957.jpg
s-IMG_2958.jpg, 90, 2, 8, tmt\tomato\test\s-IMG_2958.jpg
s-IMG_2959.jpg, 94, 1, 5, tmt\tomato\test\s-IMG_2959.jpg
s-IMG_2960.jpg, 88, 2, 10, tmt\tomato\test\s-IMG_2960.jpg
s-IMG_2961.jpg, 96, 2, 2, tmt\tomato\test\s-IMG_2961.jpg
s-IMG_2962.jpg, 92, 3, 5, tmt\tomato\test\s-IMG_2962.jpg
s-IMG_2966.jpg, 96, 4, 0, tmt\tomato\test\s-IMG_2966.jpg
s-IMG_2967.jpg, 86, 4, 10, tmt\tomato\test\s-IMG_2967.jpg
s-IMG_2968.jpg, 92, 2, 6, tmt\tomato\test\s-IMG_2968.jpg
s-IMG_2969.jpg, 92, 4, 4, tmt\tomato\test\s-IMG_2969.jpg
s-IMG_2970.jpg, 94, 2, 4, tmt\tomato\test\s-IMG_2970.jpg
s-IMG_2971.jpg, 93, 4, 3, tmt\tomato\test\s-IMG_2971.jpg
s-IMG_2972.jpg, 94, 2, 4, tmt\tomato\test\s-IMG_2972.jpg
s-IMG_2973.jpg, 94, 1, 5, tmt\tomato\test\s-IMG_2973.jpg
s-IMG_2974.jpg, 93, 1, 6, tmt\tomato\test\s-IMG_2974.jpg
s-IMG_2975.jpg, 96, 1, 3, tmt\tomato\test\s-IMG_2975.jpg
s-IMG_2978.jpg, 82, 2, 16, tmt\tomato\test\s-IMG_2978.jpg
s-IMG_2979.jpg, 99, 1, 0, tmt\tomato\test\s-IMG_2979.jpg
s-IMG_2980.jpg, 98, 2, 0, tmt\tomato\test\s-IMG_2980.jpg
s-IMG_2981.jpg, 97, 1, 2, tmt\tomato\test\s-IMG_2981.jpg
s-IMG_2982.jpg, 95, 1, 4, tmt\tomato\test\s-IMG_2982.jpg
s-IMG_2983.jpg, 95, 1, 4, tmt\tomato\test\s-IMG_2983.jpg
s-IMG_2984.jpg, 94, 2, 4, tmt\tomato\test\s-IMG_2984.jpg
s-IMG_2985.jpg, 88, 3, 9, tmt\tomato\test\s-IMG_2985.jpg
s-IMG_2986.jpg, 92, 4, 4, tmt\tomato\test\s-IMG_2986.jpg
s-IMG_2987.jpg, 93, 1, 6, tmt\tomato\test\s-IMG_2987.jpg
s-IMG_2988.jpg, 94, 1, 5, tmt\tomato\test\s-IMG_2988.jpg
s-IMG_2989.jpg, 92, 1, 7, tmt\tomato\test\s-IMG_2989.jpg
s-IMG_2991.jpg, 94, 4, 2, tmt\tomato\test\s-IMG_2991.jpg
s-IMG_2992.jpg, 98, 2, 0, tmt\tomato\test\s-IMG_2992.jpg
s-IMG_2993.jpg, 96, 1, 3, tmt\tomato\test\s-IMG_2993.jpg
s-IMG_2994.jpg, 95, 1, 4, tmt\tomato\test\s-IMG_2994.jpg
s-IMG_2995.jpg, 78, 8, 14, tmt\tomato\test\s-IMG_2995.jpg
s-IMG_2996.jpg, 88, 1, 11, tmt\tomato\test\s-IMG_2996.jpg
s-IMG_2997.jpg, 83, 2, 15, tmt\tomato\test\s-IMG_2997.jpg
s-IMG_2998.jpg, 85, 4, 11, tmt\tomato\test\s-IMG_2998.jpg
s-IMG_2999.jpg, 87, 4, 9, tmt\tomato\test\s-IMG_2999.jpg
s-IMG_3001.jpg, 90, 2, 8, tmt\tomato\test\s-IMG_3001.jpg
s-IMG_3002.jpg, 90, 2, 8, tmt\tomato\test\s-IMG_3002.jpg
s-IMG_3041.jpg, 93, 1, 6, tmt\tomato\test\s-IMG_3041.jpg
s-IMG_3042.jpg, 88, 1, 11, tmt\tomato\test\s-IMG_3042.jpg
s-IMG_3043.jpg, 92, 2, 6, tmt\tomato\test\s-IMG_3043.jpg
s-IMG_3044.jpg, 70, 6, 24, tmt\tomato\test\s-IMG_3044.jpg
s-IMG_3045.jpg, 88, 1, 11, tmt\tomato\test\s-IMG_3045.jpg
s-IMG_3046.jpg, 81, 5, 14, tmt\tomato\test\s-IMG_3046.jpg
s-IMG_3047.jpg, 91, 4, 5, tmt\tomato\test\s-IMG_3047.jpg
s-IMG_3048.jpg, 96, 2, 2, tmt\tomato\test\s-IMG_3048.jpg
s-IMG_3049.jpg, 88, 1, 11, tmt\tomato\test\s-IMG_3049.jpg
s-IMG_3050.jpg, 94, 1, 5, tmt\tomato\test\s-IMG_3050.jpg
s-IMG_3051.jpg, 99, 1, 0, tmt\tomato\test\s-IMG_3051.jpg
s-IMG_3052.jpg, 99, 1, 0, tmt\tomato\test\s-IMG_3052.jpg
s-IMG_3053.jpg, 81, 4, 15, tmt\tomato\test\s-IMG_3053.jpg
s-IMG_3054.jpg, 97, 1, 2, tmt\tomato\test\s-IMG_3054.jpg
s-IMG_3055.jpg, 97, 1, 2, tmt\tomato\test\s-IMG_3055.jpg
s-IMG_3056.jpg, 97, 1, 2, tmt\tomato\test\s-IMG_3056.jpg
s-IMG_3057.jpg, 95, 2, 3, tmt\tomato\test\s-IMG_3057.jpg
s-IMG_3058.jpg, 91, 1, 8, tmt\tomato\test\s-IMG_3058.jpg
s-IMG_3059.jpg, 74, 5, 21, tmt\tomato\test\s-IMG_3059.jpg
s-IMG_3060.jpg, 80, 2, 18, tmt\tomato\test\s-IMG_3060.jpg
s-IMG_3061.jpg, 78, 4, 18, tmt\tomato\test\s-IMG_3061.jpg
s-IMG_3062.jpg, 98, 1, 1, tmt\tomato\test\s-IMG_3062.jpg
s-IMG_3063.jpg, 92, 1, 7, tmt\tomato\test\s-IMG_3063.jpg
s-IMG_3064.jpg, 95, 2, 3, tmt\tomato\test\s-IMG_3064.jpg
s-IMG_3065.jpg, 94, 1, 5, tmt\tomato\test\s-IMG_3065.jpg
s-IMG_3066.jpg, 92, 1, 7, tmt\tomato\test\s-IMG_3066.jpg
s-IMG_3067.jpg, 83, 2, 15, tmt\tomato\test\s-IMG_3067.jpg
s-IMG_3068.jpg, 86, 4, 10, tmt\tomato\test\s-IMG_3068.jpg
s-IMG_3069.jpg, 77, 5, 18, tmt\tomato\test\s-IMG_3069.jpg
s-IMG_3070.jpg, 97, 1, 2, tmt\tomato\test\s-IMG_3070.jpg
s-IMG_3071.jpg, 98, 1, 1, tmt\tomato\test\s-IMG_3071.jpg
s-IMG_3175.jpg, 97, 1, 2, tmt\tomato\test\s-IMG_3175.jpg
s-IMG_3176.jpg, 98, 1, 1, tmt\tomato\test\s-IMG_3176.jpg
s-IMG_3177.jpg, 98, 1, 1, tmt\tomato\test\s-IMG_3177.jpg
s-IMG_3178.jpg, 97, 2, 1, tmt\tomato\test\s-IMG_3178.jpg
s-IMG_3179.jpg, 96, 1, 3, tmt\tomato\test\s-IMG_3179.jpg
s-IMG_3180.jpg, 93, 1, 6, tmt\tomato\test\s-IMG_3180.jpg
s-IMG_3181.jpg, 93, 2, 5, tmt\tomato\test\s-IMG_3181.jpg
s-IMG_3182.jpg, 91, 1, 8, tmt\tomato\test\s-IMG_3182.jpg
s-IMG_3183.jpg, 91, 2, 7, tmt\tomato\test\s-IMG_3183.jpg
s-IMG_3184.jpg, 94, 1, 5, tmt\tomato\test\s-IMG_3184.jpg
s-IMG_3185.jpg, 92, 1, 7, tmt\tomato\test\s-IMG_3185.jpg
s-IMG_3186.jpg, 90, 3, 7, tmt\tomato\test\s-IMG_3186.jpg
s-IMG_3187.jpg, 93, 1, 6, tmt\tomato\test\s-IMG_3187.jpg
s-IMG_3188.jpg, 90, 2, 8, tmt\tomato\test\s-IMG_3188.jpg
s-IMG_3189.jpg, 93, 1, 6, tmt\tomato\test\s-IMG_3189.jpg
s-IMG_3190.jpg, 93, 1, 6, tmt\tomato\test\s-IMG_3190.jpg
s-IMG_3191.jpg, 92, 1, 7, tmt\tomato\test\s-IMG_3191.jpg
s-IMG_3192.jpg, 95, 1, 4, tmt\tomato\test\s-IMG_3192.jpg
s-IMG_3193.jpg, 93, 2, 5, tmt\tomato\test\s-IMG_3193.jpg
s-IMG_3194.jpg, 92, 1, 7, tmt\tomato\test\s-IMG_3194.jpg
s-IMG_3195.jpg, 96, 2, 2, tmt\tomato\test\s-IMG_3195.jpg
s-IMG_3196.jpg, 93, 2, 5, tmt\tomato\test\s-IMG_3196.jpg
s-IMG_3197.jpg, 94, 1, 5, tmt\tomato\test\s-IMG_3197.jpg
s-IMG_3198.jpg, 98, 1, 1, tmt\tomato\test\s-IMG_3198.jpg
s-IMG_3199.jpg, 92, 2, 6, tmt\tomato\test\s-IMG_3199.jpg
s-IMG_3200.jpg, 92, 3, 5, tmt\tomato\test\s-IMG_3200.jpg
s-IMG_3201.jpg, 93, 1, 6, tmt\tomato\test\s-IMG_3201.jpg
s-IMG_3202.jpg, 85, 4, 11, tmt\tomato\test\s-IMG_3202.jpg
s-IMG_3203.jpg, 85, 3, 12, tmt\tomato\test\s-IMG_3203.jpg
s-IMG_3204.jpg, 93, 1, 6, tmt\tomato\test\s-IMG_3204.jpg
s-IMG_3205.jpg, 94, 1, 5, tmt\tomato\test\s-IMG_3205.jpg
s-IMG_3206.jpg, 97, 1, 2, tmt\tomato\test\s-IMG_3206.jpg
s-IMG_3207.jpg, 95, 1, 4, tmt\tomato\test\s-IMG_3207.jpg
s-IMG_3208.jpg, 85, 4, 11, tmt\tomato\test\s-IMG_3208.jpg
s-IMG_3245.jpg, 93, 1, 6, tmt\tomato\test\s-IMG_3245.jpg
s-IMG_3246.jpg, 91, 1, 8, tmt\tomato\test\s-IMG_3246.jpg
s-IMG_3247.jpg, 89, 1, 10, tmt\tomato\test\s-IMG_3247.jpg
s-IMG_3248.jpg, 92, 1, 7, tmt\tomato\test\s-IMG_3248.jpg
s-IMG_3249.jpg, 94, 1, 5, tmt\tomato\test\s-IMG_3249.jpg
s-IMG_3250.jpg, 80, 6, 14, tmt\tomato\test\s-IMG_3250.jpg
s-IMG_3251.jpg, 90, 3, 7, tmt\tomato\test\s-IMG_3251.jpg
s-IMG_3252.jpg, 88, 3, 9, tmt\tomato\test\s-IMG_3252.jpg
s-IMG_3253.jpg, 88, 2, 10, tmt\tomato\test\s-IMG_3253.jpg
s-IMG_3254.jpg, 84, 3, 13, tmt\tomato\test\s-IMG_3254.jpg
s-IMG_3255.jpg, 91, 2, 7, tmt\tomato\test\s-IMG_3255.jpg
s-IMG_3256.jpg, 91, 2, 7, tmt\tomato\test\s-IMG_3256.jpg
s-IMG_3257.jpg, 92, 1, 7, tmt\tomato\test\s-IMG_3257.jpg
s-IMG_3258.jpg, 92, 1, 7, tmt\tomato\test\s-IMG_3258.jpg
s-IMG_3259.jpg, 91, 1, 8, tmt\tomato\test\s-IMG_3259.jpg
s-IMG_3260.jpg, 83, 5, 12, tmt\tomato\test\s-IMG_3260.jpg
s-IMG_3261.jpg, 85, 1, 14, tmt\tomato\test\s-IMG_3261.jpg
s-IMG_3262.jpg, 86, 1, 13, tmt\tomato\test\s-IMG_3262.jpg
s-IMG_3263.jpg, 84, 3, 13, tmt\tomato\test\s-IMG_3263.jpg
s-IMG_3264.jpg, 81, 7, 12, tmt\tomato\test\s-IMG_3264.jpg
s-IMG_3265.jpg, 80, 2, 18, tmt\tomato\test\s-IMG_3265.jpg
s-IMG_3266.jpg, 81, 1, 18, tmt\tomato\test\s-IMG_3266.jpg
s-IMG_3267.jpg, 91, 2, 7, tmt\tomato\test\s-IMG_3267.jpg
s-IMG_3268.jpg, 92, 2, 6, tmt\tomato\test\s-IMG_3268.jpg
s-IMG_3269.jpg, 95, 2, 3, tmt\tomato\test\s-IMG_3269.jpg
s-IMG_3270.jpg, 89, 2, 9, tmt\tomato\test\s-IMG_3270.jpg
s-IMG_3271.jpg, 87, 1, 12, tmt\tomato\test\s-IMG_3271.jpg
s-IMG_3272.jpg, 85, 3, 12, tmt\tomato\test\s-IMG_3272.jpg
s-IMG_3274.jpg, 99, 1, 0, tmt\tomato\test\s-IMG_3274.jpg
s-IMG_3275.jpg, 98, 1, 1, tmt\tomato\test\s-IMG_3275.jpg
s-IMG_3276.jpg, 91, 1, 8, tmt\tomato\test\s-IMG_3276.jpg
s-IMG_3277.jpg, 84, 10, 6, tmt\tomato\test\s-IMG_3277.jpg
s-IMG_3280.jpg, 85, 1, 14, tmt\tomato\test\s-IMG_3280.jpg
s-IMG_3281.jpg, 95, 2, 3, tmt\tomato\test\s-IMG_3281.jpg
s-IMG_3282.jpg, 99, 1, 0, tmt\tomato\test\s-IMG_3282.jpg
s-IMG_3283.jpg, 96, 1, 3, tmt\tomato\test\s-IMG_3283.jpg
s-IMG_3284.jpg, 93, 4, 3, tmt\tomato\test\s-IMG_3284.jpg
s-IMG_3369.jpg, 99, 1, 0, tmt\tomato\test\s-IMG_3369.jpg
s-IMG_3370.jpg, 96, 1, 3, tmt\tomato\test\s-IMG_3370.jpg
s-IMG_3371.jpg, 96, 2, 2, tmt\tomato\test\s-IMG_3371.jpg
s-IMG_3372.jpg, 98, 1, 1, tmt\tomato\test\s-IMG_3372.jpg
s-IMG_3373.jpg, 99, 1, 0, tmt\tomato\test\s-IMG_3373.jpg
s-IMG_3374.jpg, 99, 1, 0, tmt\tomato\test\s-IMG_3374.jpg
s-IMG_3375.jpg, 91, 2, 7, tmt\tomato\test\s-IMG_3375.jpg
s-IMG_3376.jpg, 94, 1, 5, tmt\tomato\test\s-IMG_3376.jpg
s-IMG_3377.jpg, 91, 1, 8, tmt\tomato\test\s-IMG_3377.jpg
s-IMG_3378.jpg, 94, 3, 3, tmt\tomato\test\s-IMG_3378.jpg
s-IMG_3379.jpg, 90, 3, 7, tmt\tomato\test\s-IMG_3379.jpg
s-IMG_3380.jpg, 96, 1, 3, tmt\tomato\test\s-IMG_3380.jpg
s-IMG_3381.jpg, 90, 3, 7, tmt\tomato\test\s-IMG_3381.jpg
s-IMG_3382.jpg, 93, 2, 5, tmt\tomato\test\s-IMG_3382.jpg
s-IMG_3383.jpg, 90, 1, 9, tmt\tomato\test\s-IMG_3383.jpg
s-IMG_3384.jpg, 89, 1, 10, tmt\tomato\test\s-IMG_3384.jpg
s-IMG_3385.jpg, 94, 1, 5, tmt\tomato\test\s-IMG_3385.jpg
s-IMG_3386.jpg, 97, 1, 2, tmt\tomato\test\s-IMG_3386.jpg
s-IMG_3387.jpg, 92, 1, 7, tmt\tomato\test\s-IMG_3387.jpg
s-IMG_3388.jpg, 99, 1, 0, tmt\tomato\test\s-IMG_3388.jpg
s-IMG_3389.jpg, 95, 1, 4, tmt\tomato\test\s-IMG_3389.jpg
s-IMG_3390.jpg, 87, 2, 11, tmt\tomato\test\s-IMG_3390.jpg
s-IMG_3391.jpg, 91, 1, 8, tmt\tomato\test\s-IMG_3391.jpg
s-IMG_3392.jpg, 95, 1, 4, tmt\tomato\test\s-IMG_3392.jpg
s-IMG_3393.jpg, 91, 1, 8, tmt\tomato\test\s-IMG_3393.jpg
s-IMG_3394.jpg, 98, 1, 1, tmt\tomato\test\s-IMG_3394.jpg
s-IMG_3395.jpg, 87, 2, 11, tmt\tomato\test\s-IMG_3395.jpg
s-IMG_3396.jpg, 90, 1, 9, tmt\tomato\test\s-IMG_3396.jpg
s-IMG_3397.jpg, 91, 1, 8, tmt\tomato\test\s-IMG_3397.jpg
s-IMG_3398.jpg, 95, 1, 4, tmt\tomato\test\s-IMG_3398.jpg
s-IMG_3399.jpg, 92, 2, 6, tmt\tomato\test\s-IMG_3399.jpg
s-IMG_3400.jpg, 98, 1, 1, tmt\tomato\test\s-IMG_3400.jpg
s-IMG_3401.jpg, 96, 1, 3, tmt\tomato\test\s-IMG_3401.jpg
s-IMG_3402.jpg, 97, 1, 2, tmt\tomato\test\s-IMG_3402.jpg
s-IMG_3403.jpg, 91, 2, 7, tmt\tomato\test\s-IMG_3403.jpg
s-IMG_3404.jpg, 89, 2, 9, tmt\tomato\test\s-IMG_3404.jpg
s-IMG_3405.jpg, 89, 2, 9, tmt\tomato\test\s-IMG_3405.jpg
s-IMG_3406.jpg, 92, 2, 6, tmt\tomato\test\s-IMG_3406.jpg
s-IMG_3407.jpg, 91, 1, 8, tmt\tomato\test\s-IMG_3407.jpg
s-IMG_3408.jpg, 94, 2, 4, tmt\tomato\test\s-IMG_3408.jpg
s-IMG_3409.jpg, 87, 4, 9, tmt\tomato\test\s-IMG_3409.jpg
s-IMG_3410.jpg, 93, 1, 6, tmt\tomato\test\s-IMG_3410.jpg
s-IMG_3411.jpg, 92, 1, 7, tmt\tomato\test\s-IMG_3411.jpg
s-IMG_3413.jpg, 94, 3, 3, tmt\tomato\test\s-IMG_3413.jpg
s-IMG_3414.jpg, 92, 3, 5, tmt\tomato\test\s-IMG_3414.jpg
s-IMG_3415.jpg, 96, 1, 3, tmt\tomato\test\s-IMG_3415.jpg
s-IMG_3416.jpg, 99, 1, 0, tmt\tomato\test\s-IMG_3416.jpg
s-IMG_3417.jpg, 99, 1, 0, tmt\tomato\test\s-IMG_3417.jpg
s-IMG_3418.jpg, 98, 2, 0, tmt\tomato\test\s-IMG_3418.jpg
s-IMG_3419.jpg, 99, 1, 0, tmt\tomato\test\s-IMG_3419.jpg
s-IMG_3420.jpg, 97, 2, 1, tmt\tomato\test\s-IMG_3420.jpg
s-IMG_3421.jpg, 94, 1, 5, tmt\tomato\test\s-IMG_3421.jpg
s-IMG_3422.jpg, 99, 1, 0, tmt\tomato\test\s-IMG_3422.jpg
s-IMG_3423.jpg, 99, 1, 0, tmt\tomato\test\s-IMG_3423.jpg
s-IMG_3424.jpg, 97, 1, 2, tmt\tomato\test\s-IMG_3424.jpg
s-IMG_3425.jpg, 96, 2, 2, tmt\tomato\test\s-IMG_3425.jpg
s-IMG_3426.jpg, 99, 1, 0, tmt\tomato\test\s-IMG_3426.jpg
s-IMG_5185.jpg, 7, 2, 1, tmt\tomato\test\s-IMG_5185.jpg
s-IMG_5188.jpg, 7, 3, 0, tmt\tomato\test\s-IMG_5188.jpg
s-IMG_5190.jpg, 6, 3, 0, tmt\tomato\test\s-IMG_5190.jpg
s-IMG_5198.jpg, 4, 3, 1, tmt\tomato\test\s-IMG_5198.jpg
s-IMG_5200.jpg, 6, 2, 0, tmt\tomato\test\s-IMG_5200.jpg
s-IMG_5202.jpg, 3, 2, 0, tmt\tomato\test\s-IMG_5202.jpg
s-IMG_5203.jpg, 4, 3, 1, tmt\tomato\test\s-IMG_5203.jpg
s-IMG_5206.jpg, 13, 2, 0, tmt\tomato\test\s-IMG_5206.jpg
s-IMG_5209.jpg, 15, 4, 1, tmt\tomato\test\s-IMG_5209.jpg
s-IMG_5211.jpg, 36, 3, 1, tmt\tomato\test\s-IMG_5211.jpg
s-IMG_5213.jpg, 16, 4, 0, tmt\tomato\test\s-IMG_5213.jpg
s-IMG_5214.jpg, 17, 3, 1, tmt\tomato\test\s-IMG_5214.jpg
s-IMG_5220.jpg, 67, 2, 2, tmt\tomato\test\s-IMG_5220.jpg
s-IMG_5221.jpg, 65, 3, 1, tmt\tomato\test\s-IMG_5221.jpg
s-IMG_5227.jpg, 66, 3, 3, tmt\tomato\test\s-IMG_5227.jpg
s-IMG_5234.jpg, 16, 1, 0, tmt\tomato\test\s-IMG_5234.jpg
s-IMG_5236.jpg, 9, 2, 3, tmt\tomato\test\s-IMG_5236.jpg
s-IMG_5237.jpg, 5, 1, 1, tmt\tomato\test\s-IMG_5237.jpg
s-IMG_5526.jpg, 11, 3, 0, tmt\tomato\test\s-IMG_5526.jpg
s-IMG_5528.jpg, 9, 2, 2, tmt\tomato\test\s-IMG_5528.jpg
s-IMG_5529.jpg, 16, 3, 2, tmt\tomato\test\s-IMG_5529.jpg
s-IMG_5530.jpg, 14, 2, 1, tmt\tomato\test\s-IMG_5530.jpg
s-IMG_5532.jpg, 19, 4, 1, tmt\tomato\test\s-IMG_5532.jpg
s-IMG_5534.jpg, 10, 3, 2, tmt\tomato\test\s-IMG_5534.jpg
s-IMG_5535.jpg, 12, 4, 2, tmt\tomato\test\s-IMG_5535.jpg
s-IMG_5537.jpg, 8, 3, 2, tmt\tomato\test\s-IMG_5537.jpg
s-IMG_5539.jpg, 11, 4, 1, tmt\tomato\test\s-IMG_5539.jpg
s-IMG_5540.jpg, 8, 4, 1, tmt\tomato\test\s-IMG_5540.jpg
s-IMG_5541.jpg, 19, 4, 1, tmt\tomato\test\s-IMG_5541.jpg
s-IMG_5542.jpg, 10, 4, 0, tmt\tomato\test\s-IMG_5542.jpg
s-IMG_5545.jpg, 11, 4, 0, tmt\tomato\test\s-IMG_5545.jpg
s-IMG_5546.jpg, 16, 3, 0, tmt\tomato\test\s-IMG_5546.jpg
s-IMG_6107.jpg, 5, 2, 1, tmt\tomato\test\s-IMG_6107.jpg
s-IMG_6108.jpg, 2, 1, 1, tmt\tomato\test\s-IMG_6108.jpg
s-IMG_6109.jpg, 6, 2, 2, tmt\tomato\test\s-IMG_6109.jpg
s-IMG_6110.jpg, 5, 2, 3, tmt\tomato\test\s-IMG_6110.jpg
s-IMG_6111.jpg, 13, 2, 0, tmt\tomato\test\s-IMG_6111.jpg
s-IMG_6112.jpg, 15, 3, 1, tmt\tomato\test\s-IMG_6112.jpg
s-IMG_6113.jpg, 8, 2, 1, tmt\tomato\test\s-IMG_6113.jpg
s-IMG_6116.jpg, 3, 1, 1, tmt\tomato\test\s-IMG_6116.jpg
s-IMG_6118.jpg, 13, 4, 2, tmt\tomato\test\s-IMG_6118.jpg
s-IMG_6120.jpg, 16, 4, 1, tmt\tomato\test\s-IMG_6120.jpg
s-IMG_6121.jpg, 5, 4, 1, tmt\tomato\test\s-IMG_6121.jpg
s-IMG_6122.jpg, 7, 1, 1, tmt\tomato\test\s-IMG_6122.jpg
s-IMG_6123.jpg, 8, 1, 1, tmt\tomato\test\s-IMG_6123.jpg
s-IMG_6124.jpg, 38, 3, 1, tmt\tomato\test\s-IMG_6124.jpg
s-IMG_6125.jpg, 29, 3, 0, tmt\tomato\test\s-IMG_6125.jpg
s-IMG_6126.jpg, 3, 2, 2, tmt\tomato\test\s-IMG_6126.jpg
s-IMG_6129.jpg, 2, 1, 1, tmt\tomato\test\s-IMG_6129.jpg
s-IMG_6130.jpg, 4, 1, 1, tmt\tomato\test\s-IMG_6130.jpg
s-IMG_6131.jpg, 33, 3, 4, tmt\tomato\test\s-IMG_6131.jpg
s-IMG_6132.jpg, 30, 3, 0, tmt\tomato\test\s-IMG_6132.jpg
s-IMG_6135.jpg, 6, 2, 0, tmt\tomato\test\s-IMG_6135.jpg
s-IMG_6136.jpg, 4, 2, 2, tmt\tomato\test\s-IMG_6136.jpg
s-IMG_6137.jpg, 6, 2, 2, tmt\tomato\test\s-IMG_6137.jpg
s-IMG_6138.jpg, 5, 1, 1, tmt\tomato\test\s-IMG_6138.jpg
s-IMG_6139.jpg, 5, 1, 1, tmt\tomato\test\s-IMG_6139.jpg
s-IMG_6140.jpg, 19, 2, 0, tmt\tomato\test\s-IMG_6140.jpg
s-IMG_6141.jpg, 9, 2, 0, tmt\tomato\test\s-IMG_6141.jpg
s-IMG_6143.jpg, 18, 1, 0, tmt\tomato\test\s-IMG_6143.jpg
s-IMG_6145.jpg, 16, 2, 1, tmt\tomato\test\s-IMG_6145.jpg
s-IMG_6151.jpg, 35, 5, 1, tmt\tomato\test\s-IMG_6151.jpg
s-P7271134.jpg, 85, 3, 12, tmt\tomato\test\s-P7271134.jpg
